<?xml version="1.0" encoding="UTF-8"?>
<rss version="2.0" xmlns:ror="http://rorweb.com/0.1/" >
<channel>
  <title>ROR Sitemap for https://hunter-hulk-pratice-assment.glitch.me/Home.html</title>
  <link>https://hunter-hulk-pratice-assment.glitch.me/Home.html</link>

<item>
     <link>https://hunter-hulk-pratice-assment.glitch.me/Home.html</link>
     <title>Home</title>
     <description>Home</description>
     <ror:updatePeriod></ror:updatePeriod>
     <ror:sortOrder>0</ror:sortOrder>
     <ror:resourceOf>sitemap</ror:resourceOf>
</item>
<item>
     <link>https://hunter-hulk-pratice-assment.glitch.me/pictures%20page.html</link>
     <title>Pictures</title>
     <description>Pictures</description>
     <ror:updatePeriod></ror:updatePeriod>
     <ror:sortOrder>1</ror:sortOrder>
     <ror:resourceOf>sitemap</ror:resourceOf>
</item>
<item>
     <link>https://hunter-hulk-pratice-assment.glitch.me/contact%20page.html</link>
     <title>Contacts</title>
     <description>Contacts</description>
     <ror:updatePeriod></ror:updatePeriod>
     <ror:sortOrder>1</ror:sortOrder>
     <ror:resourceOf>sitemap</ror:resourceOf>
</item>
</channel>
</rss>
  